Year, Month, Monthly_MSL, Linear_Trend, High_Conf., Low_Conf.
1901,1,-0.239,-0.31,-0.295,-0.325
1901,2,-0.355,-0.31,-0.295,-0.324
1901,4,-0.272,-0.309,-0.295,-0.324
1901,5,-0.292,-0.309,-0.294,-0.323
1901,6,-0.334,-0.309,-0.294,-0.323
1901,7,-0.338,-0.308,-0.294,-0.323
1901,8,-0.327,-0.308,-0.293,-0.323
1901,9,-0.22,-0.308,-0.293,-0.322
1901,10,-0.233,-0.307,-0.293,-0.322
1901,11,-0.259,-0.307,-0.293,-0.322
1901,12,-0.325,-0.307,-0.292,-0.321
1902,1,-0.323,-0.307,-0.292,-0.321
1902,2,-0.321,-0.306,-0.292,-0.321
1902,3,-0.328,-0.306,-0.291,-0.32
1902,4,-0.352,-0.306,-0.291,-0.32
1902,5,-0.307,-0.305,-0.291,-0.32
1902,6,-0.313,-0.305,-0.291,-0.319
1902,7,-0.334,-0.305,-0.29,-0.319
1902,8,-0.25,-0.304,-0.29,-0.319
1902,9,-0.294,-0.304,-0.29,-0.319
1902,10,-0.318,-0.304,-0.29,-0.318
1902,11,-0.204,-0.304,-0.289,-0.318
1902,12,-0.254,-0.303,-0.289,-0.318
1903,1,-0.299,-0.303,-0.289,-0.317
1903,2,-0.327,-0.303,-0.288,-0.317
1903,3,-0.186,-0.302,-0.288,-0.317
1903,4,-0.204,-0.302,-0.288,-0.316
1903,5,-0.18,-0.302,-0.288,-0.316
1903,6,-0.176,-0.302,-0.287,-0.316
1903,7,-0.27,-0.301,-0.287,-0.315
1903,8,-0.332,-0.301,-0.287,-0.315
1903,9,-0.271,-0.301,-0.286,-0.315
1903,10,-0.292,-0.3,-0.286,-0.315
1903,11,-0.252,-0.3,-0.286,-0.314
1903,12,-0.388,-0.3,-0.286,-0.314
1921,10,-0.219,-0.237,-0.226,-0.248
1921,11,-0.218,-0.237,-0.226,-0.248
1921,12,-0.162,-0.237,-0.225,-0.248
1922,1,-0.235,-0.236,-0.225,-0.247
1922,2,-0.16,-0.236,-0.225,-0.247
1922,3,-0.192,-0.236,-0.225,-0.247
1922,4,-0.222,-0.235,-0.224,-0.247
1922,5,-0.19,-0.235,-0.224,-0.246
1922,6,-0.216,-0.235,-0.224,-0.246
1922,7,-0.224,-0.235,-0.223,-0.246
1922,8,-0.24,-0.234,-0.223,-0.245
1922,9,-0.17,-0.234,-0.223,-0.245
1922,10,-0.255,-0.234,-0.223,-0.245
1922,11,-0.233,-0.233,-0.222,-0.244
1922,12,-0.266,-0.233,-0.222,-0.244
1923,1,-0.198,-0.233,-0.222,-0.244
1923,2,-0.181,-0.233,-0.222,-0.243
1923,3,-0.271,-0.232,-0.221,-0.243
1923,4,-0.191,-0.232,-0.221,-0.243
1923,5,-0.156,-0.232,-0.221,-0.243
1923,6,-0.249,-0.231,-0.22,-0.242
1923,7,-0.239,-0.231,-0.22,-0.242
1923,8,-0.335,-0.231,-0.22,-0.242
1923,9,-0.317,-0.23,-0.22,-0.241
1923,10,-0.234,-0.23,-0.219,-0.241
1923,11,-0.2,-0.23,-0.219,-0.241
1923,12,-0.275,-0.23,-0.219,-0.24
1924,1,-0.278,-0.229,-0.218,-0.24
1924,2,-0.169,-0.229,-0.218,-0.24
1924,3,-0.21,-0.229,-0.218,-0.239
1924,4,-0.228,-0.228,-0.218,-0.239
1924,5,-0.287,-0.228,-0.217,-0.239
1924,6,-0.274,-0.228,-0.217,-0.239
1924,7,-0.175,-0.228,-0.217,-0.238
1924,8,-0.185,-0.227,-0.217,-0.238
1924,9,-0.158,-0.227,-0.216,-0.238
1924,10,-0.17,-0.227,-0.216,-0.237
1924,11,-0.212,-0.226,-0.216,-0.237
1924,12,-0.235,-0.226,-0.215,-0.237
1925,1,-0.098,-0.226,-0.215,-0.236
1925,2,-0.141,-0.225,-0.215,-0.236
1925,3,-0.177,-0.225,-0.215,-0.236
1925,4,-0.149,-0.225,-0.214,-0.236
1925,5,-0.196,-0.225,-0.214,-0.235
1925,6,-0.21,-0.224,-0.214,-0.235
1925,7,-0.16,-0.224,-0.213,-0.235
1925,8,-0.106,-0.224,-0.213,-0.234
1925,9,-0.237,-0.223,-0.213,-0.234
1925,10,-0.356,-0.223,-0.213,-0.234
1925,11,-0.209,-0.223,-0.212,-0.233
1925,12,-0.29,-0.223,-0.212,-0.233
1926,1,-0.305,-0.222,-0.212,-0.233
1926,2,-0.333,-0.222,-0.211,-0.232
1926,3,-0.311,-0.222,-0.211,-0.232
1926,4,-0.265,-0.221,-0.211,-0.232
1926,5,-0.248,-0.221,-0.211,-0.232
1926,6,-0.219,-0.221,-0.21,-0.231
1926,7,-0.206,-0.221,-0.21,-0.231
1926,8,-0.21,-0.22,-0.21,-0.231
1926,9,-0.182,-0.22,-0.21,-0.23
1926,10,-0.286,-0.22,-0.209,-0.23
1926,11,-0.322,-0.219,-0.209,-0.23
1926,12,-0.241,-0.219,-0.209,-0.229
1927,1,-0.265,-0.219,-0.208,-0.229
1927,2,-0.254,-0.218,-0.208,-0.229
1927,3,-0.177,-0.218,-0.208,-0.228
1927,4,-0.173,-0.218,-0.208,-0.228
1927,5,-0.263,-0.218,-0.207,-0.228
1927,6,-0.201,-0.217,-0.207,-0.228
1927,7,-0.242,-0.217,-0.207,-0.227
1927,8,-0.225,-0.217,-0.206,-0.227
1927,9,-0.31,-0.216,-0.206,-0.227
1927,10,-0.31,-0.216,-0.206,-0.226
1927,11,-0.276,-0.216,-0.206,-0.226
1927,12,-0.183,-0.216,-0.205,-0.226
1928,1,-0.366,-0.215,-0.205,-0.225
1928,2,-0.263,-0.215,-0.205,-0.225
1928,3,-0.225,-0.215,-0.204,-0.225
1928,4,-0.249,-0.214,-0.204,-0.225
1928,5,-0.177,-0.214,-0.204,-0.224
1928,6,-0.289,-0.214,-0.204,-0.224
1928,7,-0.215,-0.213,-0.203,-0.224
1928,8,-0.201,-0.213,-0.203,-0.223
1928,9,-0.246,-0.213,-0.203,-0.223
1928,10,-0.222,-0.213,-0.203,-0.223
1928,11,-0.227,-0.212,-0.202,-0.222
1928,12,-0.119,-0.212,-0.202,-0.222
1929,1,-0.278,-0.212,-0.202,-0.222
1929,2,-0.12,-0.211,-0.201,-0.221
1929,3,-0.256,-0.211,-0.201,-0.221
1929,4,-0.207,-0.211,-0.201,-0.221
1929,5,-0.284,-0.211,-0.201,-0.221
1929,6,-0.125,-0.21,-0.2,-0.22
1929,7,-0.187,-0.21,-0.2,-0.22
1929,8,-0.228,-0.21,-0.2,-0.22
1929,9,-0.225,-0.209,-0.199,-0.219
1929,10,-0.307,-0.209,-0.199,-0.219
1929,11,-0.224,-0.209,-0.199,-0.219
1929,12,-0.284,-0.209,-0.199,-0.218
1930,1,-0.079,-0.208,-0.198,-0.218
1930,2,-0.138,-0.208,-0.198,-0.218
1930,3,-0.262,-0.208,-0.198,-0.217
1930,4,-0.182,-0.207,-0.197,-0.217
1930,5,-0.308,-0.207,-0.197,-0.217
1930,6,-0.253,-0.207,-0.197,-0.217
1930,7,-0.266,-0.206,-0.197,-0.216
1930,8,-0.234,-0.206,-0.196,-0.216
1930,9,-0.384,-0.206,-0.196,-0.216
1930,10,-0.24,-0.206,-0.196,-0.215
1930,11,-0.282,-0.205,-0.196,-0.215
1930,12,-0.229,-0.205,-0.195,-0.215
1931,1,-0.268,-0.205,-0.195,-0.214
1931,2,-0.15,-0.204,-0.195,-0.214
1931,3,-0.113,-0.204,-0.194,-0.214
1931,4,-0.28,-0.204,-0.194,-0.214
1931,5,-0.342,-0.204,-0.194,-0.213
1931,6,-0.304,-0.203,-0.194,-0.213
1931,7,-0.251,-0.203,-0.193,-0.213
1931,8,-0.362,-0.203,-0.193,-0.212
1931,9,-0.338,-0.202,-0.193,-0.212
1931,10,-0.286,-0.202,-0.192,-0.212
1931,11,-0.31,-0.202,-0.192,-0.211
1931,12,-0.195,-0.201,-0.192,-0.211
1932,1,-0.204,-0.201,-0.192,-0.211
1932,2,-0.181,-0.201,-0.191,-0.21
1932,3,-0.286,-0.201,-0.191,-0.21
1932,4,-0.268,-0.2,-0.191,-0.21
1932,5,-0.248,-0.2,-0.19,-0.21
1932,6,-0.225,-0.2,-0.19,-0.209
1932,7,-0.276,-0.199,-0.19,-0.209
1932,8,-0.216,-0.199,-0.19,-0.209
1932,9,-0.149,-0.199,-0.189,-0.208
1932,10,-0.28,-0.199,-0.189,-0.208
1932,11,-0.142,-0.198,-0.189,-0.208
1932,12,-0.128,-0.198,-0.189,-0.207
1933,1,-0.107,-0.198,-0.188,-0.207
1933,2,-0.184,-0.197,-0.188,-0.207
1933,3,-0.207,-0.197,-0.188,-0.207
1933,4,-0.1,-0.197,-0.187,-0.206
1933,5,-0.217,-0.197,-0.187,-0.206
1933,6,-0.17,-0.196,-0.187,-0.206
1933,7,-0.148,-0.196,-0.187,-0.205
1933,8,-0.118,-0.196,-0.186,-0.205
1933,9,-0.228,-0.195,-0.186,-0.205
1933,10,-0.139,-0.195,-0.186,-0.204
1933,11,-0.218,-0.195,-0.185,-0.204
1933,12,-0.232,-0.194,-0.185,-0.204
1934,1,-0.229,-0.194,-0.185,-0.203
1934,2,-0.217,-0.194,-0.185,-0.203
1934,3,-0.253,-0.194,-0.184,-0.203
1934,4,-0.213,-0.193,-0.184,-0.203
1934,5,-0.205,-0.193,-0.184,-0.202
1934,6,-0.295,-0.193,-0.183,-0.202
1934,7,-0.248,-0.192,-0.183,-0.202
1934,8,-0.313,-0.192,-0.183,-0.201
1934,9,-0.268,-0.192,-0.183,-0.201
1934,10,-0.155,-0.192,-0.182,-0.201
1934,11,-0.243,-0.191,-0.182,-0.2
1934,12,-0.195,-0.191,-0.182,-0.2
1935,1,-0.073,-0.191,-0.182,-0.2
1935,2,-0.19,-0.19,-0.181,-0.2
1935,3,-0.204,-0.19,-0.181,-0.199
1935,4,-0.134,-0.19,-0.181,-0.199
1935,5,-0.199,-0.189,-0.18,-0.199
1935,6,-0.213,-0.189,-0.18,-0.198
1935,7,-0.224,-0.189,-0.18,-0.198
1935,8,-0.207,-0.189,-0.18,-0.198
1935,9,-0.225,-0.188,-0.179,-0.197
1935,10,-0.213,-0.188,-0.179,-0.197
1935,11,-0.072,-0.188,-0.179,-0.197
1935,12,-0.208,-0.187,-0.178,-0.196
1936,1,-0.235,-0.187,-0.178,-0.196
1936,2,-0.166,-0.187,-0.178,-0.196
1936,3,-0.247,-0.187,-0.178,-0.196
1936,4,-0.188,-0.186,-0.177,-0.195
1936,5,-0.132,-0.186,-0.177,-0.195
1936,6,-0.103,-0.186,-0.177,-0.195
1936,7,-0.215,-0.185,-0.176,-0.194
1936,8,-0.188,-0.185,-0.176,-0.194
1936,9,-0.179,-0.185,-0.176,-0.194
1936,10,-0.158,-0.185,-0.176,-0.193
1936,11,-0.261,-0.184,-0.175,-0.193
1936,12,-0.092,-0.184,-0.175,-0.193
1937,1,-0.101,-0.184,-0.175,-0.193
1937,2,-0.068,-0.183,-0.174,-0.192
1937,3,-0.161,-0.183,-0.174,-0.192
1937,4,-0.164,-0.183,-0.174,-0.192
1937,5,-0.141,-0.182,-0.174,-0.191
1937,6,-0.207,-0.182,-0.173,-0.191
1937,7,-0.209,-0.182,-0.173,-0.191
1937,8,-0.173,-0.182,-0.173,-0.19
1937,9,-0.155,-0.181,-0.173,-0.19
1937,10,-0.188,-0.181,-0.172,-0.19
1937,11,-0.221,-0.181,-0.172,-0.189
1937,12,-0.186,-0.18,-0.172,-0.189
1938,1,-0.168,-0.18,-0.171,-0.189
1938,2,-0.15,-0.18,-0.171,-0.189
1938,3,-0.174,-0.18,-0.171,-0.188
1938,4,-0.258,-0.179,-0.171,-0.188
1938,5,-0.19,-0.179,-0.17,-0.188
1938,6,-0.192,-0.179,-0.17,-0.187
1938,7,-0.184,-0.178,-0.17,-0.187
1938,8,-0.255,-0.178,-0.169,-0.187
1938,9,-0.234,-0.178,-0.169,-0.186
1938,10,-0.118,-0.177,-0.169,-0.186
1938,11,-0.084,-0.177,-0.169,-0.186
1938,12,-0.131,-0.177,-0.168,-0.186
1939,1,-0.186,-0.177,-0.168,-0.185
1939,2,-0.227,-0.176,-0.168,-0.185
1939,3,-0.164,-0.176,-0.167,-0.185
1939,4,-0.219,-0.176,-0.167,-0.184
1939,5,-0.153,-0.175,-0.167,-0.184
1939,6,-0.198,-0.175,-0.167,-0.184
1939,7,-0.135,-0.175,-0.166,-0.183
1939,8,-0.228,-0.175,-0.166,-0.183
1939,9,-0.137,-0.174,-0.166,-0.183
1939,10,-0.222,-0.174,-0.165,-0.182
1939,11,-0.206,-0.174,-0.165,-0.182
1939,12,-0.247,-0.173,-0.165,-0.182
1940,1,-0.25,-0.173,-0.165,-0.182
1940,2,-0.248,-0.173,-0.164,-0.181
1940,3,-0.189,-0.173,-0.164,-0.181
1940,4,-0.255,-0.172,-0.164,-0.181
1940,5,-0.202,-0.172,-0.164,-0.18
1940,6,-0.265,-0.172,-0.163,-0.18
1940,7,-0.181,-0.171,-0.163,-0.18
1940,8,-0.039,-0.171,-0.163,-0.179
1940,9,-0.134,-0.171,-0.162,-0.179
1940,10,-0.164,-0.17,-0.162,-0.179
1940,11,-0.212,-0.17,-0.162,-0.179
1940,12,-0.174,-0.17,-0.162,-0.178
1941,1,-0.086,-0.17,-0.161,-0.178
1941,2,-0.147,-0.169,-0.161,-0.178
1941,3,-0.259,-0.169,-0.161,-0.177
1941,4,-0.188,-0.169,-0.16,-0.177
1941,5,-0.266,-0.168,-0.16,-0.177
1941,6,-0.182,-0.168,-0.16,-0.176
1941,7,-0.224,-0.168,-0.16,-0.176
1941,8,-0.24,-0.168,-0.159,-0.176
1941,9,-0.222,-0.167,-0.159,-0.175
1941,10,-0.246,-0.167,-0.159,-0.175
1941,11,-0.194,-0.167,-0.158,-0.175
1941,12,-0.208,-0.166,-0.158,-0.175
1942,1,-0.171,-0.166,-0.158,-0.174
1942,2,-0.096,-0.166,-0.158,-0.174
1942,3,-0.268,-0.165,-0.157,-0.174
1942,4,-0.149,-0.165,-0.157,-0.173
1942,5,-0.147,-0.165,-0.157,-0.173
1942,6,-0.149,-0.165,-0.156,-0.173
1942,7,-0.169,-0.164,-0.156,-0.172
1942,8,-0.176,-0.164,-0.156,-0.172
1942,9,-0.195,-0.164,-0.156,-0.172
1942,10,-0.088,-0.163,-0.155,-0.172
1942,11,-0.166,-0.163,-0.155,-0.171
1942,12,-0.202,-0.163,-0.155,-0.171
1943,1,-0.177,-0.163,-0.155,-0.171
1943,2,-0.23,-0.162,-0.154,-0.17
1943,3,-0.134,-0.162,-0.154,-0.17
1943,4,-0.118,-0.162,-0.154,-0.17
1943,5,-0.116,-0.161,-0.153,-0.169
1943,6,-0.137,-0.161,-0.153,-0.169
1943,7,-0.138,-0.161,-0.153,-0.169
1943,8,-0.109,-0.161,-0.153,-0.169
1943,9,-0.103,-0.16,-0.152,-0.168
1943,10,-0.097,-0.16,-0.152,-0.168
1943,11,-0.176,-0.16,-0.152,-0.168
1943,12,-0.153,-0.159,-0.151,-0.167
1944,1,-0.086,-0.159,-0.151,-0.167
1944,2,-0.129,-0.159,-0.151,-0.167
1944,3,-0.085,-0.158,-0.151,-0.166
1944,4,-0.091,-0.158,-0.15,-0.166
1944,5,-0.083,-0.158,-0.15,-0.166
1944,6,-0.051,-0.158,-0.15,-0.165
1944,7,-0.01,-0.157,-0.149,-0.165
1944,8,-0.112,-0.157,-0.149,-0.165
1944,9,-0.173,-0.157,-0.149,-0.165
1944,10,-0.124,-0.156,-0.149,-0.164
1944,11,-0.121,-0.156,-0.148,-0.164
1944,12,-0.195,-0.156,-0.148,-0.164
1945,1,-0.14,-0.156,-0.148,-0.163
1945,2,-0.23,-0.155,-0.147,-0.163
1945,3,-0.204,-0.155,-0.147,-0.163
1945,4,-0.1,-0.155,-0.147,-0.162
1945,5,-0.174,-0.154,-0.147,-0.162
1945,6,-0.173,-0.154,-0.146,-0.162
1945,7,-0.096,-0.154,-0.146,-0.162
1945,8,-0.149,-0.154,-0.146,-0.161
1945,9,-0.149,-0.153,-0.145,-0.161
1945,10,-0.069,-0.153,-0.145,-0.161
1945,11,-0.136,-0.153,-0.145,-0.16
1945,12,-0.055,-0.152,-0.145,-0.16
1946,1,-0.113,-0.152,-0.144,-0.16
1946,2,-0.187,-0.152,-0.144,-0.159
1946,3,-0.085,-0.151,-0.144,-0.159
1946,4,-0.073,-0.151,-0.143,-0.159
1946,5,-0.126,-0.151,-0.143,-0.159
1946,6,-0.167,-0.151,-0.143,-0.158
1946,7,-0.111,-0.15,-0.143,-0.158
1946,8,-0.167,-0.15,-0.142,-0.158
1946,9,-0.1,-0.15,-0.142,-0.157
1946,10,-0.036,-0.149,-0.142,-0.157
1946,11,-0.008,-0.149,-0.142,-0.157
1946,12,-0.074,-0.149,-0.141,-0.156
1947,1,-0.076,-0.149,-0.141,-0.156
1947,2,-0.193,-0.148,-0.141,-0.156
1947,3,-0.189,-0.148,-0.14,-0.156
1947,4,-0.164,-0.148,-0.14,-0.155
1947,5,-0.177,-0.147,-0.14,-0.155
1947,6,-0.048,-0.147,-0.14,-0.155
1947,7,-0.093,-0.147,-0.139,-0.154
1947,8,-0.13,-0.146,-0.139,-0.154
1947,9,-0.064,-0.146,-0.139,-0.154
1947,10,-0.072,-0.146,-0.138,-0.153
1947,11,0.074,-0.146,-0.138,-0.153
1947,12,0.042,-0.145,-0.138,-0.153
1948,1,-0.006,-0.145,-0.138,-0.152
1948,2,0.029,-0.145,-0.137,-0.152
1948,3,0.031,-0.144,-0.137,-0.152
1948,4,0.013,-0.144,-0.137,-0.152
1948,5,-0.025,-0.144,-0.136,-0.151
1948,6,-0.042,-0.144,-0.136,-0.151
1948,7,-0.09,-0.143,-0.136,-0.151
1948,8,-0.082,-0.143,-0.136,-0.15
1948,9,0.007,-0.143,-0.135,-0.15
1948,10,-0.015,-0.142,-0.135,-0.15
1948,11,-0.032,-0.142,-0.135,-0.149
1948,12,-0.049,-0.142,-0.134,-0.149
1949,1,-0.113,-0.142,-0.134,-0.149
1949,2,-0.062,-0.141,-0.134,-0.149
1949,3,-0.125,-0.141,-0.134,-0.148
1949,4,-0.106,-0.141,-0.133,-0.148
1949,5,-0.043,-0.14,-0.133,-0.148
1949,6,-0.018,-0.14,-0.133,-0.147
1949,7,-0.032,-0.14,-0.132,-0.147
1949,8,-0.097,-0.139,-0.132,-0.147
1949,9,-0.067,-0.139,-0.132,-0.146
1949,10,-0.002,-0.139,-0.132,-0.146
1949,11,-0.169,-0.139,-0.131,-0.146
1949,12,-0.071,-0.138,-0.131,-0.146
1950,1,-0.153,-0.138,-0.131,-0.145
1950,2,-0.093,-0.138,-0.13,-0.145
1950,3,-0.122,-0.137,-0.13,-0.145
1950,4,-0.094,-0.137,-0.13,-0.144
1950,5,-0.089,-0.137,-0.13,-0.144
1950,6,-0.146,-0.137,-0.129,-0.144
1950,7,-0.224,-0.136,-0.129,-0.143
1950,8,-0.079,-0.136,-0.129,-0.143
1950,9,-0.112,-0.136,-0.128,-0.143
1950,10,-0.115,-0.135,-0.128,-0.143
1950,11,-0.252,-0.135,-0.128,-0.142
1950,12,-0.125,-0.135,-0.128,-0.142
1951,1,-0.131,-0.134,-0.127,-0.142
1951,2,-0.135,-0.134,-0.127,-0.141
1951,3,-0.076,-0.134,-0.127,-0.141
1951,4,-0.115,-0.134,-0.126,-0.141
1951,5,-0.12,-0.133,-0.126,-0.14
1951,6,-0.094,-0.133,-0.126,-0.14
1951,7,-0.169,-0.133,-0.126,-0.14
1951,8,-0.143,-0.132,-0.125,-0.14
1951,9,-0.164,-0.132,-0.125,-0.139
1951,10,-0.021,-0.132,-0.125,-0.139
1951,11,-0.105,-0.132,-0.125,-0.139
1951,12,-0.11,-0.131,-0.124,-0.138
1952,1,-0.101,-0.131,-0.124,-0.138
1952,2,-0.056,-0.131,-0.124,-0.138
1952,3,-0.061,-0.13,-0.123,-0.137
1952,4,-0.127,-0.13,-0.123,-0.137
1952,5,-0.101,-0.13,-0.123,-0.137
1952,6,-0.198,-0.13,-0.123,-0.137
1952,7,-0.117,-0.129,-0.122,-0.136
1952,8,-0.13,-0.129,-0.122,-0.136
1952,9,-0.082,-0.129,-0.122,-0.136
1952,10,-0.121,-0.128,-0.121,-0.135
1952,11,-0.169,-0.128,-0.121,-0.135
1952,12,-0.055,-0.128,-0.121,-0.135
1953,1,-0.153,-0.127,-0.121,-0.134
1953,2,-0.202,-0.127,-0.12,-0.134
1953,3,-0.125,-0.127,-0.12,-0.134
1953,4,-0.13,-0.127,-0.12,-0.134
1953,5,-0.208,-0.126,-0.119,-0.133
1953,6,-0.091,-0.126,-0.119,-0.133
1953,7,-0.087,-0.126,-0.119,-0.133
1953,8,-0.073,-0.125,-0.119,-0.132
1953,9,-0.082,-0.125,-0.118,-0.132
1953,10,-0.085,-0.125,-0.118,-0.132
1953,11,-0.112,-0.125,-0.118,-0.131
1953,12,-0.125,-0.124,-0.117,-0.131
1954,1,-0.107,-0.124,-0.117,-0.131
1954,2,-0.062,-0.124,-0.117,-0.131
1954,3,-0.174,-0.123,-0.117,-0.13
1954,4,-0.051,-0.123,-0.116,-0.13
1954,5,-0.043,-0.123,-0.116,-0.13
1954,6,-0.03,-0.122,-0.116,-0.129
1954,7,-0.065,-0.122,-0.115,-0.129
1954,8,-0.17,-0.122,-0.115,-0.129
1954,9,-0.195,-0.122,-0.115,-0.128
1954,10,-0.2,-0.121,-0.115,-0.128
1954,11,-0.16,-0.121,-0.114,-0.128
1954,12,-0.217,-0.121,-0.114,-0.128
1955,1,-0.058,-0.12,-0.114,-0.127
1955,2,-0.111,-0.12,-0.113,-0.127
1955,3,-0.17,-0.12,-0.113,-0.127
1955,4,-0.073,-0.12,-0.113,-0.126
1955,5,-0.034,-0.119,-0.113,-0.126
1955,6,-0.042,-0.119,-0.112,-0.126
1955,7,-0.071,-0.119,-0.112,-0.125
1955,8,-0.018,-0.118,-0.112,-0.125
1955,9,-0.1,-0.118,-0.111,-0.125
1955,10,-0.066,-0.118,-0.111,-0.125
1955,11,-0.182,-0.118,-0.111,-0.124
1955,12,-0.128,-0.117,-0.111,-0.124
1956,1,-0.046,-0.117,-0.11,-0.124
1956,2,-0.147,-0.117,-0.11,-0.123
1956,3,-0.174,-0.116,-0.11,-0.123
1956,4,-0.149,-0.116,-0.109,-0.123
1956,5,-0.095,-0.116,-0.109,-0.122
1956,6,-0.14,-0.115,-0.109,-0.122
1956,7,-0.233,-0.115,-0.109,-0.122
1956,8,-0.124,-0.115,-0.108,-0.122
1956,9,-0.152,-0.115,-0.108,-0.121
1956,10,-0.072,-0.114,-0.108,-0.121
1956,11,-0.139,-0.114,-0.107,-0.121
1956,12,-0.256,-0.114,-0.107,-0.12
1957,1,-0.174,-0.113,-0.107,-0.12
1957,2,-0.038,-0.113,-0.107,-0.12
1957,3,0.009,-0.113,-0.106,-0.119
1957,4,-0.14,-0.113,-0.106,-0.119
1957,5,-0.062,-0.112,-0.106,-0.119
1957,6,-0.097,-0.112,-0.105,-0.119
1957,7,-0.007,-0.112,-0.105,-0.118
1957,8,0.011,-0.111,-0.105,-0.118
1957,9,-0.115,-0.111,-0.105,-0.118
1957,10,-0.054,-0.111,-0.104,-0.117
1957,11,-0.044,-0.11,-0.104,-0.117
1957,12,-0.098,-0.11,-0.104,-0.117
1958,1,-0.046,-0.11,-0.103,-0.116
1958,2,-0.248,-0.11,-0.103,-0.116
1958,3,-0.064,-0.109,-0.103,-0.116
1958,4,-0.03,-0.109,-0.103,-0.116
1958,5,-0.132,-0.109,-0.102,-0.115
1958,6,-0.109,-0.108,-0.102,-0.115
1958,7,-0.163,-0.108,-0.102,-0.115
1958,8,-0.164,-0.108,-0.101,-0.114
1958,9,-0.164,-0.108,-0.101,-0.114
1958,10,-0.051,-0.107,-0.101,-0.114
1958,11,-0.148,-0.107,-0.101,-0.113
1958,12,-0.077,-0.107,-0.1,-0.113
1959,1,-0.122,-0.106,-0.1,-0.113
1959,2,-0.126,-0.106,-0.1,-0.113
1959,3,-0.14,-0.106,-0.099,-0.112
1959,4,-0.146,-0.106,-0.099,-0.112
1959,5,-0.144,-0.105,-0.099,-0.112
1959,6,-0.067,-0.105,-0.099,-0.111
1959,7,-0.056,-0.105,-0.098,-0.111
1959,8,-0.164,-0.104,-0.098,-0.111
1959,9,-0.103,-0.104,-0.098,-0.11
1959,10,-0.103,-0.104,-0.097,-0.11
1959,11,-0.041,-0.103,-0.097,-0.11
1959,12,-0.061,-0.103,-0.097,-0.11
1960,1,0.006,-0.103,-0.097,-0.109
1960,2,-0.077,-0.103,-0.096,-0.109
1960,3,-0.094,-0.102,-0.096,-0.109
1960,4,-0.118,-0.102,-0.096,-0.108
1960,5,-0.08,-0.102,-0.095,-0.108
1960,6,-0.033,-0.101,-0.095,-0.108
1960,7,0.005,-0.101,-0.095,-0.107
1960,8,-0.057,-0.101,-0.094,-0.107
1960,9,-0.015,-0.101,-0.094,-0.107
1960,10,-0.057,-0.1,-0.094,-0.107
1960,11,-0.151,-0.1,-0.094,-0.106
1960,12,-0.119,-0.1,-0.093,-0.106
1961,1,-0.128,-0.099,-0.093,-0.106
1961,2,-0.144,-0.099,-0.093,-0.105
1961,3,-0.058,-0.099,-0.092,-0.105
1961,4,-0.143,-0.098,-0.092,-0.105
1961,5,-0.077,-0.098,-0.092,-0.105
1961,6,-0.176,-0.098,-0.092,-0.104
1961,7,-0.129,-0.098,-0.091,-0.104
1961,8,-0.115,-0.097,-0.091,-0.104
1961,9,-0.103,-0.097,-0.091,-0.103
1961,10,-0.112,-0.097,-0.09,-0.103
1961,11,-0.026,-0.096,-0.09,-0.103
1961,12,-0.11,-0.096,-0.09,-0.102
1962,1,-0.186,-0.096,-0.09,-0.102
1962,2,-0.007,-0.096,-0.089,-0.102
1962,3,0.079,-0.095,-0.089,-0.102
1962,4,-0.158,-0.095,-0.089,-0.101
1962,5,-0.022,-0.095,-0.088,-0.101
1962,6,-0.012,-0.094,-0.088,-0.101
1962,7,0.002,-0.094,-0.088,-0.1
1962,8,-0.036,-0.094,-0.088,-0.1
1962,9,-0.067,-0.094,-0.087,-0.1
1962,10,-0.088,-0.093,-0.087,-0.099
1962,11,-0.09,-0.093,-0.087,-0.099
1962,12,-0.071,-0.093,-0.086,-0.099
1963,1,-0.022,-0.092,-0.086,-0.099
1963,2,-0.093,-0.092,-0.086,-0.098
1963,3,-0.219,-0.092,-0.086,-0.098
1963,4,-0.158,-0.091,-0.085,-0.098
1963,5,-0.107,-0.091,-0.085,-0.097
1963,6,-0.152,-0.091,-0.085,-0.097
1963,7,-0.148,-0.091,-0.084,-0.097
1963,8,-0.14,-0.09,-0.084,-0.096
1963,9,-0.036,-0.09,-0.084,-0.096
1963,10,-0.094,-0.09,-0.084,-0.096
1963,11,-0.169,-0.089,-0.083,-0.096
1963,12,-0.174,-0.089,-0.083,-0.095
1964,1,-0.195,-0.089,-0.083,-0.095
1964,2,-0.221,-0.089,-0.082,-0.095
1964,3,-0.17,-0.088,-0.082,-0.094
1964,4,-0.173,-0.088,-0.082,-0.094
1964,5,-0.068,-0.088,-0.082,-0.094
1964,6,-0.106,-0.087,-0.081,-0.094
1964,7,-0.175,-0.087,-0.081,-0.093
1964,8,-0.106,-0.087,-0.081,-0.093
1964,9,-0.036,-0.087,-0.08,-0.093
1964,10,-0.082,-0.086,-0.08,-0.092
1964,11,-0.115,-0.086,-0.08,-0.092
1964,12,-0.125,-0.086,-0.08,-0.092
1965,1,-0.116,-0.085,-0.079,-0.091
1965,2,-0.105,-0.085,-0.079,-0.091
1965,3,-0.143,-0.085,-0.079,-0.091
1965,4,-0.07,-0.084,-0.078,-0.091
1965,5,-0.205,-0.084,-0.078,-0.09
1965,6,-0.192,-0.084,-0.078,-0.09
1965,7,-0.111,-0.084,-0.077,-0.09
1965,8,-0.194,-0.083,-0.077,-0.089
1965,9,-0.088,-0.083,-0.077,-0.089
1965,10,-0.139,-0.083,-0.077,-0.089
1965,11,-0.075,-0.082,-0.076,-0.088
1965,12,-0.083,-0.082,-0.076,-0.088
1966,1,-0.022,-0.082,-0.076,-0.088
1966,2,-0.123,-0.082,-0.075,-0.088
1966,3,-0.079,-0.081,-0.075,-0.087
1966,4,-0.13,-0.081,-0.075,-0.087
1966,5,-0.052,-0.081,-0.075,-0.087
1966,6,-0.039,-0.08,-0.074,-0.086
1966,7,-0.074,-0.08,-0.074,-0.086
1966,8,-0.149,-0.08,-0.074,-0.086
1966,9,-0.158,-0.079,-0.073,-0.086
1966,10,-0.185,-0.079,-0.073,-0.085
1966,11,-0.16,-0.079,-0.073,-0.085
1966,12,-0.055,-0.079,-0.073,-0.085
1967,1,-0.086,-0.078,-0.072,-0.084
1967,2,-0.141,-0.078,-0.072,-0.084
1967,3,-0.152,-0.078,-0.072,-0.084
1967,4,-0.079,-0.077,-0.071,-0.083
1967,5,-0.089,-0.077,-0.071,-0.083
1967,6,0.016,-0.077,-0.071,-0.083
1967,7,-0.166,-0.077,-0.071,-0.083
1967,8,-0.112,-0.076,-0.07,-0.082
1967,9,-0.027,-0.076,-0.07,-0.082
1967,10,-0.164,-0.076,-0.07,-0.082
1967,11,-0.124,-0.075,-0.069,-0.081
1967,12,-0.04,-0.075,-0.069,-0.081
1968,1,-0.019,-0.075,-0.069,-0.081
1968,2,0.005,-0.075,-0.068,-0.081
1968,3,-0.207,-0.074,-0.068,-0.08
1968,4,-0.097,-0.074,-0.068,-0.08
1968,5,-0.15,-0.074,-0.068,-0.08
1968,6,-0.106,-0.073,-0.067,-0.079
1968,7,-0.108,-0.073,-0.067,-0.079
1968,8,-0.082,-0.073,-0.067,-0.079
1968,9,-0.088,-0.072,-0.066,-0.078
1968,10,-0.103,-0.072,-0.066,-0.078
1968,11,-0.188,-0.072,-0.066,-0.078
1968,12,-0.171,-0.072,-0.066,-0.078
1969,1,-0.122,-0.071,-0.065,-0.077
1969,2,0.005,-0.071,-0.065,-0.077
1969,3,-0.1,-0.071,-0.065,-0.077
1969,4,-0.127,-0.07,-0.064,-0.076
1969,5,-0.123,-0.07,-0.064,-0.076
1969,6,-0.07,-0.07,-0.064,-0.076
1969,7,-0.084,-0.07,-0.064,-0.076
1969,8,-0.048,-0.069,-0.063,-0.075
1969,9,-0.042,-0.069,-0.063,-0.075
1969,10,-0.039,-0.069,-0.063,-0.075
1969,11,-0.078,-0.068,-0.062,-0.074
1969,12,-0.089,-0.068,-0.062,-0.074
1970,1,-0.098,-0.068,-0.062,-0.074
1970,2,-0.157,-0.067,-0.061,-0.073
1970,3,-0.091,-0.067,-0.061,-0.073
1970,4,-0.051,-0.067,-0.061,-0.073
1970,5,-0.092,-0.067,-0.061,-0.073
1970,6,-0.039,-0.066,-0.06,-0.072
1970,7,-0.081,-0.066,-0.06,-0.072
1970,8,-0.115,-0.066,-0.06,-0.072
1970,9,-0.115,-0.065,-0.059,-0.071
1970,10,0.034,-0.065,-0.059,-0.071
1970,11,-0.06,-0.065,-0.059,-0.071
1970,12,0.027,-0.065,-0.059,-0.071
1971,1,-0.067,-0.064,-0.058,-0.07
1971,2,-0.141,-0.064,-0.058,-0.07
1971,3,-0.128,-0.064,-0.058,-0.07
1971,4,-0.109,-0.063,-0.057,-0.069
1971,5,-0.113,-0.063,-0.057,-0.069
1971,6,-0.091,-0.063,-0.057,-0.069
1971,7,-0.099,-0.063,-0.057,-0.069
1971,8,-0.045,-0.062,-0.056,-0.068
1971,9,-0.045,-0.062,-0.056,-0.068
1971,10,0.016,-0.062,-0.056,-0.068
1971,11,0.044,-0.061,-0.055,-0.067
1971,12,0.024,-0.061,-0.055,-0.067
1972,1,0.009,-0.061,-0.055,-0.067
1972,2,-0.041,-0.06,-0.054,-0.066
1972,3,-0.036,-0.06,-0.054,-0.066
1972,4,-0.024,-0.06,-0.054,-0.066
1972,5,0.074,-0.06,-0.054,-0.066
1972,6,0.007,-0.059,-0.053,-0.065
1972,7,-0.102,-0.059,-0.053,-0.065
1972,8,-0.027,-0.059,-0.053,-0.065
1972,9,-0.088,-0.058,-0.052,-0.064
1972,10,-0.048,-0.058,-0.052,-0.064
1972,11,0.056,-0.058,-0.052,-0.064
1972,12,-0.003,-0.058,-0.052,-0.064
1973,1,0.103,-0.057,-0.051,-0.063
1973,2,0.103,-0.057,-0.051,-0.063
1973,3,0.098,-0.057,-0.051,-0.063
1973,4,-0.002,-0.056,-0.05,-0.062
1973,5,-0.037,-0.056,-0.05,-0.062
1973,6,-0.082,-0.056,-0.05,-0.062
1973,7,-0.001,-0.055,-0.049,-0.061
1973,8,-0.03,-0.055,-0.049,-0.061
1973,9,-0.018,-0.055,-0.049,-0.061
1973,10,0.028,-0.055,-0.049,-0.061
1973,11,-0.054,-0.054,-0.048,-0.06
1973,12,-0.089,-0.054,-0.048,-0.06
1974,1,-0.037,-0.054,-0.048,-0.06
1974,2,0.029,-0.053,-0.047,-0.059
1974,3,-0.073,-0.053,-0.047,-0.059
1974,4,-0.073,-0.053,-0.047,-0.059
1974,5,-0.001,-0.053,-0.047,-0.059
1974,6,0.019,-0.052,-0.046,-0.058
1974,7,0.02,-0.052,-0.046,-0.058
1974,8,0.005,-0.052,-0.046,-0.058
1974,9,-0.045,-0.051,-0.045,-0.057
1974,10,-0.06,-0.051,-0.045,-0.057
1974,11,-0.087,-0.051,-0.045,-0.057
1974,12,-0.071,-0.051,-0.044,-0.057
1975,1,-0.083,-0.05,-0.044,-0.056
1975,2,0.063,-0.05,-0.044,-0.056
1975,3,-0.036,-0.05,-0.044,-0.056
1975,4,-0.015,-0.049,-0.043,-0.055
1975,5,0.055,-0.049,-0.043,-0.055
1975,6,0.064,-0.049,-0.043,-0.055
1975,7,0.02,-0.048,-0.042,-0.055
1975,8,-0.054,-0.048,-0.042,-0.054
1975,9,-0.054,-0.048,-0.042,-0.054
1975,10,-0.039,-0.048,-0.042,-0.054
1975,11,-0.066,-0.047,-0.041,-0.053
1975,12,0.003,-0.047,-0.041,-0.053
1976,1,-0.134,-0.047,-0.041,-0.053
1976,2,-0.208,-0.046,-0.04,-0.052
1976,3,-0.082,-0.046,-0.04,-0.052
1976,4,-0.051,-0.046,-0.04,-0.052
1976,5,-0.04,-0.046,-0.039,-0.052
1976,6,0.019,-0.045,-0.039,-0.051
1976,7,-0.044,-0.045,-0.039,-0.051
1976,8,-0.033,-0.045,-0.039,-0.051
1976,9,-0.125,-0.044,-0.038,-0.05
1976,10,-0.152,-0.044,-0.038,-0.05
1976,11,-0.157,-0.044,-0.038,-0.05
1976,12,-0.071,-0.043,-0.037,-0.05
1977,1,-0.156,-0.043,-0.037,-0.049
1977,2,-0.178,-0.043,-0.037,-0.049
1977,3,-0.03,-0.043,-0.037,-0.049
1977,4,-0.112,-0.042,-0.036,-0.048
1977,5,-0.022,-0.042,-0.036,-0.048
1977,6,-0.006,-0.042,-0.036,-0.048
1977,7,-0.078,-0.041,-0.035,-0.048
1977,8,-0.054,-0.041,-0.035,-0.047
1977,9,-0.115,-0.041,-0.035,-0.047
1977,10,-0.179,-0.041,-0.034,-0.047
1977,11,0.004,-0.04,-0.034,-0.046
1977,12,-0.037,-0.04,-0.034,-0.046
1978,1,-0.156,-0.04,-0.034,-0.046
1978,2,0.008,-0.039,-0.033,-0.046
1978,3,-0.036,-0.039,-0.033,-0.045
1978,4,-0.039,-0.039,-0.033,-0.045
1978,5,-0.086,-0.039,-0.032,-0.045
1978,6,-0.076,-0.038,-0.032,-0.044
1978,7,-0.044,-0.038,-0.032,-0.044
1978,8,-0.091,-0.038,-0.031,-0.044
1978,9,-0.036,-0.037,-0.031,-0.044
1978,10,-0.069,-0.037,-0.031,-0.043
1978,11,0.026,-0.037,-0.031,-0.043
1978,12,-0.098,-0.036,-0.03,-0.043
1979,1,-0.171,-0.036,-0.03,-0.042
1979,2,-0.089,-0.036,-0.03,-0.042
1979,3,-0.091,-0.036,-0.029,-0.042
1979,4,-0.057,-0.035,-0.029,-0.041
1979,5,-0.101,-0.035,-0.029,-0.041
1979,6,-0.012,-0.035,-0.029,-0.041
1979,7,0.008,-0.034,-0.028,-0.041
1979,8,-0.082,-0.034,-0.028,-0.04
1979,9,-0.051,-0.034,-0.028,-0.04
1979,10,-0.143,-0.034,-0.027,-0.04
1979,11,-0.115,-0.033,-0.027,-0.039
1979,12,-0.031,-0.033,-0.027,-0.039
1980,1,0.082,-0.033,-0.026,-0.039
1980,2,0.023,-0.032,-0.026,-0.039
1980,3,-0.052,-0.032,-0.026,-0.038
1980,4,-0.033,-0.032,-0.026,-0.038
1980,5,-0.01,-0.031,-0.025,-0.038
1980,6,-0.033,-0.031,-0.025,-0.037
1980,7,-0.068,-0.031,-0.025,-0.037
1980,8,-0.155,-0.031,-0.024,-0.037
1980,9,-0.146,-0.03,-0.024,-0.037
1980,10,-0.17,-0.03,-0.024,-0.036
1980,11,-0.124,-0.03,-0.023,-0.036
1980,12,-0.055,-0.029,-0.023,-0.036
1981,1,-0.086,-0.029,-0.023,-0.035
1981,2,-0.108,-0.029,-0.023,-0.035
1981,3,-0.088,-0.029,-0.022,-0.035
1981,4,-0.115,-0.028,-0.022,-0.035
1981,5,-0.046,-0.028,-0.022,-0.034
1981,6,-0.176,-0.028,-0.021,-0.034
1981,7,-0.023,-0.027,-0.021,-0.034
1981,8,-0.036,-0.027,-0.021,-0.033
1981,9,-0.115,-0.027,-0.021,-0.033
1981,10,-0.176,-0.027,-0.02,-0.033
1981,11,-0.017,-0.026,-0.02,-0.033
1981,12,-0.107,-0.026,-0.02,-0.032
1982,1,-0.147,-0.026,-0.019,-0.032
1982,2,-0.08,-0.025,-0.019,-0.032
1982,3,-0.003,-0.025,-0.019,-0.031
1982,4,-0.097,-0.025,-0.018,-0.031
1982,5,-0.098,-0.024,-0.018,-0.031
1982,6,-0.006,-0.024,-0.018,-0.031
1982,7,-0.056,-0.024,-0.018,-0.03
1982,8,-0.082,-0.024,-0.017,-0.03
1982,9,-0.109,-0.023,-0.017,-0.03
1982,10,-0.048,-0.023,-0.017,-0.029
1982,11,0.023,-0.023,-0.016,-0.029
1982,12,0.054,-0.022,-0.016,-0.029
1983,1,0.152,-0.022,-0.016,-0.029
1983,2,0.112,-0.022,-0.015,-0.028
1983,3,0.098,-0.022,-0.015,-0.028
1983,4,0.004,-0.021,-0.015,-0.028
1983,5,-0.086,-0.021,-0.015,-0.027
1983,6,0.016,-0.021,-0.014,-0.027
1983,7,0.035,-0.02,-0.014,-0.027
1983,8,-0.06,-0.02,-0.014,-0.027
1983,9,-0.036,-0.02,-0.013,-0.026
1983,10,0.004,-0.02,-0.013,-0.026
1983,11,-0.035,-0.019,-0.013,-0.026
1983,12,-0.061,-0.019,-0.012,-0.025
1984,1,0.064,-0.019,-0.012,-0.025
1984,2,-0.083,-0.018,-0.012,-0.025
1984,3,0.009,-0.018,-0.012,-0.025
1984,4,0.043,-0.018,-0.011,-0.024
1984,5,-0.092,-0.017,-0.011,-0.024
1984,6,-0.033,-0.017,-0.011,-0.024
1984,7,-0.099,-0.017,-0.01,-0.023
1984,8,-0.079,-0.017,-0.01,-0.023
1984,9,-0.045,-0.016,-0.01,-0.023
1984,10,0.016,-0.016,-0.009,-0.022
1984,11,0.059,-0.016,-0.009,-0.022
1984,12,0.033,-0.015,-0.009,-0.022
1985,1,-0.015,-0.015,-0.009,-0.022
1985,2,-0.062,-0.015,-0.008,-0.021
1985,3,-0.039,-0.015,-0.008,-0.021
1985,4,-0.097,-0.014,-0.008,-0.021
1985,5,0.01,-0.014,-0.007,-0.02
1985,6,-0.073,-0.014,-0.007,-0.02
1985,7,0.026,-0.013,-0.007,-0.02
1985,8,0.078,-0.013,-0.006,-0.02
1985,9,0,-0.013,-0.006,-0.019
1985,10,0.08,-0.012,-0.006,-0.019
1985,11,-0.02,-0.012,-0.006,-0.019
1985,12,-0.122,-0.012,-0.005,-0.018
1986,1,-0.061,-0.012,-0.005,-0.018
1986,2,0.008,-0.011,-0.005,-0.018
1986,3,-0.091,-0.011,-0.004,-0.018
1986,4,0.055,-0.011,-0.004,-0.017
1986,5,0.046,-0.01,-0.004,-0.017
1986,6,0.061,-0.01,-0.004,-0.017
1986,7,-0.01,-0.01,-0.003,-0.016
1986,8,-0.057,-0.01,-0.003,-0.016
1986,9,-0.064,-0.009,-0.003,-0.016
1986,10,-0.091,-0.009,-0.002,-0.016
1986,11,0.029,-0.009,-0.002,-0.015
1986,12,0.106,-0.008,-0.002,-0.015
1987,1,0.055,-0.008,-0.001,-0.015
1987,2,0.081,-0.008,-0.001,-0.014
1987,3,0.116,-0.008,-0.001,-0.014
1987,4,-0.033,-0.007,-0.001,-0.014
1987,5,-0.034,-0.007,0,-0.014
1987,6,-0.118,-0.007,0,-0.013
1987,7,-0.004,-0.006,0,-0.013
1987,8,-0.057,-0.006,0.001,-0.013
1987,9,-0.091,-0.006,0.001,-0.012
1987,10,-0.085,-0.005,0.001,-0.012
1987,11,-0.041,-0.005,0.002,-0.012
1987,12,-0.107,-0.005,0.002,-0.012
1988,1,-0.028,-0.005,0.002,-0.011
1988,2,-0.047,-0.004,0.002,-0.011
1988,3,-0.1,-0.004,0.003,-0.011
1988,4,-0.002,-0.004,0.003,-0.01
1988,5,-0.083,-0.003,0.003,-0.01
1988,6,-0.03,-0.003,0.004,-0.01
1988,7,-0.09,-0.003,0.004,-0.01
1988,8,-0.085,-0.003,0.004,-0.009
1988,9,-0.061,-0.002,0.005,-0.009
1988,10,-0.039,-0.002,0.005,-0.009
1988,11,-0.102,-0.002,0.005,-0.008
1988,12,-0.067,-0.001,0.005,-0.008
1989,1,-0.009,-0.001,0.006,-0.008
1989,2,-0.053,-0.001,0.006,-0.008
1989,3,0.052,0,0.006,-0.007
1989,4,-0.045,0,0.007,-0.007
1989,5,-0.068,0,0.007,-0.007
1989,6,-0.134,0,0.007,-0.007
1989,7,-0.05,0.001,0.008,-0.006
1989,8,-0.027,0.001,0.008,-0.006
1989,9,-0.016,0.001,0.008,-0.006
1989,10,-0.075,0.002,0.008,-0.005
1989,11,-0.145,0.002,0.009,-0.005
1989,12,-0.101,0.002,0.009,-0.005
1990,1,-0.15,0.002,0.009,-0.005
1990,2,-0.089,0.003,0.01,-0.004
1990,3,0.028,0.003,0.01,-0.004
1990,4,-0.051,0.003,0.01,-0.004
1990,5,-0.068,0.004,0.011,-0.003
1990,6,-0.012,0.004,0.011,-0.003
1990,7,0.005,0.004,0.011,-0.003
1990,8,0.008,0.004,0.012,-0.003
1990,9,-0.018,0.005,0.012,-0.002
1990,10,-0.042,0.005,0.012,-0.002
1990,11,-0.008,0.005,0.012,-0.002
1990,12,-0.003,0.006,0.013,-0.001
1991,1,0.113,0.006,0.013,-0.001
1991,2,-0.053,0.006,0.013,-0.001
1991,3,0.031,0.007,0.014,-0.001
1991,4,-0.002,0.007,0.014,0
1991,5,0.049,0.007,0.014,0
1991,6,0.092,0.007,0.015,0
1991,7,0.066,0.008,0.015,0.001
1991,8,0.035,0.008,0.015,0.001
1991,9,0.049,0.008,0.015,0.001
1991,10,0.037,0.009,0.016,0.001
1991,11,0.016,0.009,0.016,0.002
1991,12,-0.101,0.009,0.016,0.002
1992,1,0.021,0.009,0.017,0.002
1992,2,0.051,0.01,0.017,0.003
1992,3,-0.076,0.01,0.017,0.003
1992,4,0.019,0.01,0.018,0.003
1992,5,0.077,0.011,0.018,0.003
1992,6,0.132,0.011,0.018,0.004
1992,7,-0.017,0.011,0.018,0.004
1992,8,-0.018,0.012,0.019,0.004
1992,9,-0.003,0.012,0.019,0.005
1992,10,0.025,0.012,0.019,0.005
1992,11,0.032,0.012,0.02,0.005
1992,12,-0.04,0.013,0.02,0.005
1993,1,0.149,0.013,0.02,0.006
1993,2,0.13,0.013,0.021,0.006
1993,3,-0.049,0.014,0.021,0.006
1993,4,0.01,0.014,0.021,0.007
1993,5,-0.025,0.014,0.021,0.007
1993,6,-0.018,0.014,0.022,0.007
1993,7,-0.011,0.015,0.022,0.007
1993,8,0.005,0.015,0.022,0.008
1993,9,-0.073,0.015,0.023,0.008
1993,10,0.01,0.016,0.023,0.008
1993,11,0.001,0.016,0.023,0.009
1993,12,0.006,0.016,0.024,0.009
1994,1,-0.067,0.016,0.024,0.009
1994,2,0.03,0.017,0.024,0.009
1994,3,-0.013,0.017,0.024,0.01
1994,4,-0.08,0.017,0.025,0.01
1994,5,0.054,0.018,0.025,0.01
1994,6,-0.068,0.018,0.025,0.011
1994,7,-0.077,0.018,0.026,0.011
1994,8,-0.027,0.019,0.026,0.011
1994,9,-0.02,0.019,0.026,0.011
1994,10,0.062,0.019,0.027,0.012
1994,11,-0.026,0.019,0.027,0.012
1994,12,0.226,0.02,0.027,0.012
1995,1,0.035,0.02,0.027,0.013
1995,2,-0.095,0.02,0.028,0.013
1995,3,0.088,0.021,0.028,0.013
1995,4,0.065,0.021,0.028,0.013
1995,5,0.064,0.021,0.029,0.014
1995,6,0.037,0.021,0.029,0.014
1995,7,0.046,0.022,0.029,0.014
1995,8,0.219,0.022,0.03,0.014
1995,9,0.127,0.022,0.03,0.015
1995,10,0.034,0.023,0.03,0.015
1995,11,-0.041,0.023,0.031,0.015
1995,12,0.048,0.023,0.031,0.016
1996,1,0.001,0.024,0.031,0.016
1996,2,-0.079,0.024,0.031,0.016
1996,3,-0.095,0.024,0.032,0.016
1996,4,-0.095,0.024,0.032,0.017
1996,5,-0.05,0.025,0.032,0.017
1996,6,-0.042,0.025,0.033,0.017
1996,7,-0.074,0.025,0.033,0.018
1996,8,-0.004,0.026,0.033,0.018
1996,9,-0.036,0.026,0.034,0.018
1996,10,0.033,0.026,0.034,0.018
1996,11,0.024,0.026,0.034,0.019
1996,12,0.029,0.027,0.034,0.019
1997,1,0.001,0.027,0.035,0.019
1997,2,0.047,0.027,0.035,0.02
1997,3,0.036,0.028,0.035,0.02
1997,4,0.109,0.028,0.036,0.02
1997,5,-0.021,0.028,0.036,0.02
1997,6,0.093,0.028,0.036,0.021
1997,7,0.078,0.029,0.037,0.021
1997,8,0.081,0.029,0.037,0.021
1997,9,0.028,0.029,0.037,0.022
1997,10,-0.035,0.03,0.037,0.022
1997,11,-0.082,0.03,0.038,0.022
1997,12,-0.016,0.03,0.038,0.022
1998,1,0.041,0.031,0.038,0.023
1998,2,0.207,0.031,0.039,0.023
1998,3,0.022,0.031,0.039,0.023
1998,4,0.025,0.031,0.039,0.024
1998,5,0.073,0.032,0.04,0.024
1998,6,-0.065,0.032,0.04,0.024
1998,7,-0.037,0.032,0.04,0.024
1998,8,-0.021,0.033,0.04,0.025
1998,9,-0.083,0.033,0.041,0.025
1998,10,-0.097,0.033,0.041,0.025
1998,11,-0.089,0.033,0.041,0.026
1998,12,0.011,0.034,0.042,0.026
1999,1,0.038,0.034,0.042,0.026
1999,2,0.162,0.034,0.042,0.026
1999,3,0.042,0.035,0.043,0.027
1999,4,0.047,0.035,0.043,0.027
1999,5,0.086,0.035,0.043,0.027
1999,6,0.048,0.036,0.044,0.027
1999,7,0.03,0.036,0.044,0.028
1999,8,0.104,0.036,0.044,0.028
1999,9,0.119,0.036,0.044,0.028
1999,10,0.08,0.037,0.045,0.029
1999,11,0.007,0.037,0.045,0.029
1999,12,0.056,0.037,0.045,0.029
2000,1,0.036,0.038,0.046,0.029
2000,2,-0.033,0.038,0.046,0.03
2000,3,0.056,0.038,0.046,0.03
2000,4,0.011,0.038,0.047,0.03
2000,5,0.008,0.039,0.047,0.031
2000,6,-0.026,0.039,0.047,0.031
2000,7,0.117,0.039,0.047,0.031
2000,8,0.104,0.04,0.048,0.031
2000,9,0.076,0.04,0.048,0.032
2000,10,0.055,0.04,0.048,0.032
2000,11,0.053,0.04,0.049,0.032
2000,12,-0.012,0.041,0.049,0.033
2001,1,-0.056,0.041,0.049,0.033
2001,2,-0.061,0.041,0.05,0.033
2001,3,0.046,0.042,0.05,0.033
2001,4,-0.064,0.042,0.05,0.034
2001,5,0.043,0.042,0.05,0.034
2001,6,-0.05,0.043,0.051,0.034
2001,7,0.069,0.043,0.051,0.035
2001,8,-0.024,0.043,0.051,0.035
2001,9,0.04,0.043,0.052,0.035
2001,10,0.007,0.044,0.052,0.035
2001,11,0.031,0.044,0.052,0.036
2001,12,0.047,0.044,0.053,0.036
2002,1,-0.104,0.045,0.053,0.036
2002,2,0.002,0.045,0.053,0.037
2002,3,-0.002,0.045,0.054,0.037
2002,4,0.051,0.045,0.054,0.037
2002,5,0.023,0.046,0.054,0.037
2002,6,0.072,0.046,0.054,0.038
2002,7,0.017,0.046,0.055,0.038
2002,8,0.119,0.047,0.055,0.038
2002,9,0.059,0.047,0.055,0.038
2002,10,0.073,0.047,0.056,0.039
2002,11,-0.053,0.048,0.056,0.039
2002,12,-0.029,0.048,0.056,0.039
2003,1,-0.075,0.048,0.057,0.04
2003,2,-0.066,0.048,0.057,0.04
2003,3,0.127,0.049,0.057,0.04
2003,4,0.126,0.049,0.057,0.04
2003,5,0.026,0.049,0.058,0.041
2003,6,-0.034,0.05,0.058,0.041
2003,7,-0.118,0.05,0.058,0.041
2003,8,-0.107,0.05,0.059,0.042
2003,9,0.065,0.05,0.059,0.042
2003,10,0.017,0.051,0.059,0.042
2003,11,0.031,0.051,0.06,0.042
2003,12,-0.001,0.051,0.06,0.043
2004,1,-0.006,0.052,0.06,0.043
2004,2,0.045,0.052,0.061,0.043
2004,3,-0.021,0.052,0.061,0.044
2004,4,-0.083,0.052,0.061,0.044
2004,5,-0.099,0.053,0.061,0.044
2004,6,-0.045,0.053,0.062,0.044
2004,7,0.026,0.053,0.062,0.045
2004,8,-0.012,0.054,0.062,0.045
2004,9,0.007,0.054,0.063,0.045
2004,10,0.043,0.054,0.063,0.046
2004,11,-0.006,0.055,0.063,0.046
2004,12,-0.061,0.055,0.064,0.046
2005,1,0.108,0.055,0.064,0.046
2005,2,0.131,0.055,0.064,0.047
2005,3,-0.009,0.056,0.064,0.047
2005,4,0.051,0.056,0.065,0.047
2005,5,0.078,0.056,0.065,0.047
2005,6,0.066,0.057,0.065,0.048
2005,7,0.028,0.057,0.066,0.048
2005,8,0.102,0.057,0.066,0.048
2005,9,0.117,0.057,0.066,0.049
2005,10,0.079,0.058,0.067,0.049
2005,11,-0.063,0.058,0.067,0.049
2005,12,-0.048,0.058,0.067,0.049
2006,1,0.009,0.059,0.068,0.05
2006,2,-0.024,0.059,0.068,0.05
2006,3,0.022,0.059,0.068,0.05
2006,4,-0.011,0.059,0.068,0.051
2006,5,0.061,0.06,0.069,0.051
2006,6,-0.012,0.06,0.069,0.051
2006,7,-0.034,0.06,0.069,0.051
2006,8,0.03,0.061,0.07,0.052
2006,9,0.041,0.061,0.07,0.052
2006,10,-0.035,0.061,0.07,0.052
2006,11,0.018,0.062,0.071,0.053
2006,12,0.028,0.062,0.071,0.053
2007,1,0.017,0.062,0.071,0.053
2007,2,-0.017,0.062,0.071,0.053
2007,3,-0.014,0.063,0.072,0.054
2007,4,0.022,0.063,0.072,0.054
2007,5,0.098,0.063,0.072,0.054
2007,6,0.095,0.064,0.073,0.055
2007,7,0.103,0.064,0.073,0.055
2007,8,0.03,0.064,0.073,0.055
2007,9,0.079,0.064,0.074,0.055
2007,10,0.052,0.065,0.074,0.056
2007,11,-0.002,0.065,0.074,0.056
2007,12,0,0.065,0.075,0.056
2008,1,-0.036,0.066,0.075,0.056
2008,2,-0.071,0.066,0.075,0.057
2008,3,-0.075,0.066,0.075,0.057
2008,4,0.089,0.067,0.076,0.057
2008,5,0.054,0.067,0.076,0.058
2008,6,-0.089,0.067,0.076,0.058
2008,7,0.033,0.067,0.077,0.058
2008,8,0.131,0.068,0.077,0.058
2008,9,0.132,0.068,0.077,0.059
2008,10,0.073,0.068,0.078,0.059
2008,11,0.035,0.069,0.078,0.059
2008,12,-0.096,0.069,0.078,0.06
2009,1,-0.101,0.069,0.078,0.06
2009,2,-0.125,0.069,0.079,0.06
2009,3,0.023,0.07,0.079,0.06
2009,4,-0.019,0.07,0.079,0.061
2009,5,0.018,0.07,0.08,0.061
2009,6,0.129,0.071,0.08,0.061
2009,7,0.071,0.071,0.08,0.062
2009,8,-0.015,0.071,0.081,0.062
2009,9,0.2,0.071,0.081,0.062
2009,10,0.054,0.072,0.081,0.062
2009,11,0.204,0.072,0.082,0.063
2009,12,0.193,0.072,0.082,0.063
2010,1,0.075,0.073,0.082,0.063
2010,2,0.09,0.073,0.082,0.063
2010,3,0.118,0.073,0.083,0.064
2010,4,-0.016,0.074,0.083,0.064
2010,5,-0.035,0.074,0.083,0.064
2010,6,-0.059,0.074,0.084,0.065
2010,7,0.019,0.074,0.084,0.065
2010,8,0.1,0.075,0.084,0.065
2010,9,0.049,0.075,0.085,0.065
2010,10,-0.009,0.075,0.085,0.066
2010,11,0.046,0.076,0.085,0.066
2010,12,-0.029,0.076,0.085,0.066
2011,1,-0.026,0.076,0.086,0.067
2011,2,-0.013,0.076,0.086,0.067
2011,3,0.064,0.077,0.086,0.067
2011,4,-0.045,0.077,0.087,0.067
2011,5,0.022,0.077,0.087,0.068
2011,6,0.001,0.078,0.087,0.068
2011,7,0.087,0.078,0.088,0.068
2011,8,0.147,0.078,0.088,0.069
2011,9,0.037,0.079,0.088,0.069
2011,10,0.001,0.079,0.089,0.069
2011,11,0.027,0.079,0.089,0.069
2011,12,0.036,0.079,0.089,0.07
2012,1,-0.048,0.08,0.089,0.07
2012,2,0.055,0.08,0.09,0.07
2012,3,0.016,0.08,0.09,0.07
2012,4,0.118,0.081,0.09,0.071
2012,5,0.12,0.081,0.091,0.071
2012,6,0.203,0.081,0.091,0.071
2012,7,0.054,0.081,0.091,0.072
2012,8,0.085,0.082,0.092,0.072
2012,9,-0.005,0.082,0.092,0.072
2012,10,0.016,0.082,0.092,0.072
2012,11,0.172,0.083,0.092,0.073
2012,12,0.082,0.083,0.093,0.073
2013,1,0.086,0.083,0.093,0.073
2013,2,0.028,0.083,0.093,0.074
2013,3,0.081,0.084,0.094,0.074
2013,4,0.102,0.084,0.094,0.074
2013,5,0.091,0.084,0.094,0.074
2013,6,-0.011,0.085,0.095,0.075
2013,7,0.067,0.085,0.095,0.075
2013,8,0.119,0.085,0.095,0.075
2013,9,0.067,0.086,0.096,0.076
2013,10,0.089,0.086,0.096,0.076
2013,11,0.073,0.086,0.096,0.076
2013,12,0.066,0.086,0.096,0.076
2014,1,0.071,0.087,0.097,0.077
2014,2,0.151,0.087,0.097,0.077
2014,3,0.155,0.087,0.097,0.077
2014,4,0.168,0.088,0.098,0.077
2014,5,0.083,0.088,0.098,0.078
2014,6,0.104,0.088,0.098,0.078
2014,7,0.151,0.088,0.099,0.078
2014,8,0.2,0.089,0.099,0.079
2014,9,0.176,0.089,0.099,0.079
2014,10,0.039,0.089,0.1,0.079
2014,11,0.08,0.09,0.1,0.079
2014,12,0.178,0.09,0.1,0.08
2015,1,0.167,0.09,0.1,0.08
2015,2,0.159,0.091,0.101,0.08
2015,3,0.107,0.091,0.101,0.081
2015,4,0.105,0.091,0.101,0.081
2015,5,0.104,0.091,0.102,0.081
2015,6,0.001,0.092,0.102,0.081
2015,7,0.135,0.092,0.102,0.082
2015,8,0.134,0.092,0.103,0.082
2015,9,0.104,0.093,0.103,0.082
2015,10,0.257,0.093,0.103,0.083
2015,11,0.191,0.093,0.103,0.083
2015,12,0.223,0.093,0.104,0.083
2016,1,0.211,0.094,0.104,0.083
2016,2,0.131,0.094,0.104,0.084
2016,3,0.134,0.094,0.105,0.084
2016,4,0.183,0.095,0.105,0.084
2016,5,0.125,0.095,0.105,0.084
2016,6,0.193,0.095,0.106,0.085
2016,7,0.06,0.095,0.106,0.085
2016,8,0.093,0.096,0.106,0.085
2016,9,0.049,0.096,0.107,0.086
2016,10,0.201,0.096,0.107,0.086
2016,11,0.182,0.097,0.107,0.086
2016,12,0.157,0.097,0.107,0.086
2017,1,0.068,0.097,0.108,0.087
2017,2,0.061,0.098,0.108,0.087
2017,3,0.041,0.098,0.108,0.087
2017,4,0.151,0.098,0.109,0.088
2017,5,0.045,0.098,0.109,0.088
2017,6,0.102,0.099,0.109,0.088
2017,7,0.097,0.099,0.11,0.088
2017,8,0.17,0.099,0.11,0.089
2017,9,0.227,0.1,0.11,0.089
2017,10,0.099,0.1,0.111,0.089
2017,11,0.119,0.1,0.111,0.09
2017,12,0.088,0.1,0.111,0.09
2018,1,0.045,0.101,0.111,0.09
2018,2,0.081,0.101,0.112,0.09
2018,3,0.205,0.101,0.112,0.091
2018,4,0.092,0.102,0.112,0.091
2018,5,0.037,0.102,0.113,0.091
2018,6,0.022,0.102,0.113,0.091
2018,7,0.171,0.103,0.113,0.092
2018,8,0.062,0.103,0.114,0.092
2018,9,0.091,0.103,0.114,0.092
2018,10,0.069,0.103,0.114,0.093
2018,11,0.185,0.104,0.114,0.093
2018,12,0.182,0.104,0.115,0.093
2019,1,0.142,0.104,0.115,0.093
2019,2,0.215,0.105,0.115,0.094
2019,3,0.244,0.105,0.116,0.094
2019,4,0.168,0.105,0.116,0.094
2019,5,0.151,0.105,0.116,0.095
2019,6,0.152,0.106,0.117,0.095
2019,7,0.232,0.106,0.117,0.095
2019,8,0.192,0.106,0.117,0.095
2019,9,0.188,0.107,0.118,0.096
2019,10,0.207,0.107,0.118,0.096
2019,11,0.259,0.107,0.118,0.096
2019,12,0.18,0.107,0.118,0.096
2020,1,0.155,0.108,0.119,0.097
2020,2,0.16,0.108,0.119,0.097
2020,3,0.155,0.108,0.119,0.097
2020,4,0.205,0.109,0.12,0.098
2020,5,0.14,0.109,0.12,0.098
2020,6,0.167,0.109,0.12,0.098
2020,7,0.217,0.11,0.121,0.098
2020,8,0.182,0.11,0.121,0.099
2020,9,0.217,0.11,0.121,0.099
2020,10,0.209,0.11,0.122,0.099
2020,11,0.225,0.111,0.122,0.1
2020,12,0.133,0.111,0.122,0.1
2021,1,0.176,0.111,0.122,0.1
2021,2,0.211,0.112,0.123,0.1
2021,3,0.205,0.112,0.123,0.101
2021,4,0.172,0.112,0.123,0.101
2021,5,0.098,0.112,0.124,0.101
2021,6,0.116,0.113,0.124,0.102
2021,7,0.139,0.113,0.124,0.102
2021,8,0.124,0.113,0.125,0.102
2021,9,0.128,0.114,0.125,0.102
2021,10,0.139,0.114,0.125,0.103
2021,11,0.23,0.114,0.125,0.103
2021,12,0.169,0.115,0.126,0.103
2022,1,0.263,0.115,0.126,0.103
2022,2,0.171,0.115,0.126,0.104
2022,3,0.114,0.115,0.127,0.104
2022,4,0.143,0.116,0.127,0.104
2022,5,0.217,0.116,0.127,0.105
2022,6,0.227,0.116,0.128,0.105
2022,7,0.102,0.117,0.128,0.105
2022,8,0.108,0.117,0.128,0.105
2022,9,0.195,0.117,0.129,0.106
2022,10,0.208,0.117,0.129,0.106
2022,11,0.248,0.118,0.129,0.106
2022,12,0.23,0.118,0.129,0.107
2023,1,0.164,0.118,0.13,0.107
2023,2,0.133,0.119,0.13,0.107
2023,3,0.276,0.119,0.13,0.107
2023,4,0.254,0.119,0.131,0.108
2023,5,0.234,0.119,0.131,0.108
2023,6,0.267,0.12,0.131,0.108
2023,7,0.204,0.12,0.132,0.109
2023,8,0.148,0.12,0.132,0.109
2023,9,0.161,0.121,0.132,0.109
2023,10,0.225,0.121,0.133,0.109
2023,11,0.267,0.121,0.133,0.11
2023,12,0.208,0.122,0.133,0.11
2024,1,0.146,0.122,0.133,0.11
2024,2,0.252,0.122,0.134,0.11
2024,3,0.213,0.122,0.134,0.111
2024,4,0.126,0.123,0.134,0.111
2024,5,0.182,0.123,0.135,0.111
2024,6,0.169,0.123,0.135,0.112
2024,7,0.134,0.124,0.135,0.112
2024,8,0.166,0.124,0.136,0.112
2024,9,0.278,0.124,0.136,0.112
2024,10,0.171,0.124,0.136,0.113
2024,11,0.19,0.125,0.137,0.113
2024,12,0.124,0.125,0.137,0.113
2025,1,0.032,0.125,0.137,0.114
